中文名称,件号,手册章节
外流活门防磨层,21990-02（防磨层） /21989-01（边缘）,CMM21-33-33
外流活门搭地线组件,BACJ40A20-3,
收放式着陆灯螺钉,46-3137-1/60-4489-1,
发动机前缘铆钉,HILOCK钉：HL11VAZ5-3/4 和帽：BH01227-08L,
货舱灯罩,15-0712-12,
前货舱门封严,SF15-120-173,52-09-10-01A
前货舱右后货舱拦网,453A1810-10WZ,IPC25-52-51
前货舱左前货舱拦网,453A1810-5,IPC25-52-51-07A
前货舱左后货舱拦网,453A1810-6,
前货舱右前货舱拦网,453A1810-9,
前货舱右后货舱拦网,453A1810-10,
前货舱中部纵隔断货舱拦网,453A1810-13,IPC25-52-51-07A-20
后货舱左前货舱拦网,453A1810-7,25-52-51-09A-20
后货舱左后货舱拦网,453A1810-8,25-52-51-09A-60
后货舱右前货舱拦网,453A1810-11,25-52-51-09A-85
后货舱右后货舱拦网,453A1810-12,25-52-51-09A-110
后货舱中部纵隔断货舱拦网,453A1810-14,25-52-51-09A-75
后货舱门口螺钉,BACS12GR3L10,
货舱地板压条螺钉,BACS12FA3K10（凸头）BACS12ER3K10（平头）,
货舱防磨板，货舱螺钉,BACB30VF3K5,
后货舱门拉绳,69-41730-86,
货舱门顶灯/货舱门槛灯,81000-65801,
扶手皮/座椅扶手后盖,1002993-001CAHMBG,
杂志袋扎带,BACS38K10,
杂志袋弹簧,1002634-003MBG,
内层玻璃,411A1733-1BMBG,AMM25-21-12
座椅安全带,2010-1-611-2428,CMM25-22-57
座椅钢索/作动筒,"SP23997C27(钢索)
1003106-001（作动筒）",
座椅作动筒气塞,1011535-001,CMM25-22-57
38HJK防撞条,1002636-302ACLMBG,
38ABC防撞条,1002636-301ACLMBG,CMM25-23-08
31C防撞条,1002636-303ACLMBG,
58ABC行李架门锁,412A1282-1B（锁组件）HL10VAZ6-3（螺钉）（4EA）,
地图灯/老鼠灯灯罩和卡子,A7098A和16-0095-1,
前乘务员扭簧(靠登机门),2D2023-7,
前乘务员座椅L型材断裂（靠登机门）,2D2025-12MBG,CMM25-29-86
后舱乘务员左侧座椅坐垫,2D7008-11DFWMBG,CMM25-29-86
后舱乘务员右侧座椅坐垫,2D7008-12DFWMBG,CMM25-29-86
左后乘务员靠背套,2D7006-11DFW,
前乘务员座椅套(靠登机门),2D7008-12DFWMBG,CMM25-29-86
前乘务员坐垫件号,2D7008-11DFWMBG,
右后乘务员座椅套,2D7008-11DFWMBG,CMM25-29-86
乘务员座椅下柜门锁扣,SAM222-18,AMM25-25-12
左、右后乘务员座椅下L型材,2D2025-11(左后)和2D2025-12（可加MBG,CMM25-29-86
乘务员座椅中部螺钉旋钮,2D3017-3,CMM25-29-86
遮阳板,411N1281-1BCSZ 或者 411N1281-4C或者411N1281-3BCSZ或者411N1281-8C 。411N1281-5C,
后舱安全警示带标牌,G7381100025D001-001,
马桶上部减震垫,4A114-0016-1 ,CMM25-43-45/CMM25-43-44
前厕所马桶圈,D72W30047-111A,CMM25-48-66
马桶圈减震垫,G7372500034D001,CMM25-48
厕所垃圾箱盖板减震垫,D72D71832-111,CMM25-43-45
厕所水槽下部弹簧,659A4800-6,CMM38-11-05-33L
驾驶杆高度标牌,69-42136-31,
纸胶带,3M232-2或者232/2INCH,
塑料胶带,3M471-2,
座舱温度传感器的罩子白色格栅,70022-32,
救生筏下部灯罩,5843-00,
右侧克鲁格襟翼刀型封严,114A1801-8（最右侧根部）114A1801-12（右侧第二块）114A1801-14（最右侧）,
第二观察员上头枕套,1C7007-11ABEMBG,
第二观察员座椅套,1C7006-11ABE,IPC25-11-00-37
副驾驶座椅套,1A296-0217HS,CMM25-11-39
副驾驶座椅垫,0A296-0216HS（0A296-0216HSMBG）,
机长坐垫,0A296-0293,
正驾驶座椅头枕,0A296-0219,
机长、副驾驶座椅靠背,1A296-0217HSMBG,CMM25-11-39
上部球型封严中间段,116A2913-4(中间段),
克鲁格襟翼上部球型封严,116A2913-2，116A2913-606/116A2913-12 ,
左大翼克鲁格襟翼内侧上部封严,116A2913-1,IPC27-81-00-04
pull标牌,BAC27DPA3686MBG ,
Push标牌,BAC27DPA3687MBG ,
拉,BAC27DPA5125MBG ,
推,BAC27DPA5127MBG,
前储物柜扩音器标牌,414A51171815MBG,
后厨房水关断活门外罩螺钉,"MS24693C31（螺钉）
 SP0179（垫片）",
后厨房水池排放滤螺栓封圈,SLP50338-40,
座椅下部电器盒SEB（左座）,"1003007-002MBG（SEB）
82-19-300-16（螺钉2EA）
43-13-1-24（弹簧2EA）
82-46-101-41（垫圈2EA）
82-32-201-20（保持环2EA）",
卫生防疫包带子,G65C31742-3 和G65C31742-4,
水滤垫片,SLP50338-40,
禁止吸烟灯罩子,.4710-1,
右大翼下表面危险标牌,BAC27DXT62MBG,
客舱窗户衬板,65C31833-612 ,
客舱窗户窗框锁组件,411N1230-101,
后货舱拉绳,69-41730-86,
前货舱拉绳,69-41730-85,
货舱拉环,BACR12BU17SN,
水平安定面下表面圆形盖板掉漆,"ECL-G-101SC（漆）
PC-233（固化剂）",
右后勤务门上应急灯灯罩,82101-48901,CMM33-24-03
货舱门手柄防撞块,130469-3,IPC52-31-51-50D
左发右侧反推平移罩前端最上部Z型压条开裂,315A2247-2,"IPC78-31-10-01
AMM78-31-10"
电门帽电门胶套,69-44578-2,
副驾遮阳帘,170-14460-990,IPC25-11-00-10
机长侧遮阳,170-14458-990,
右侧3号遮阳帘,170-14461-990,
左侧3号遮阳帘,170-14459-990,IPC25-11-00-10
厕所门上部门闩,D75D71398-211,
餐车锁扣（大）,MD21-0011或者3202GP05MD24,
头等舱座椅防撞堵盖,48233017L044300MBG,
头等舱扶手前护壳(上部),48918307L044300MBG,CMM25-25-82
垃圾箱口盖螺钉,MS51957-29,
垃圾箱口盖弹簧,SP9120MBG,CMM25-39-60
垃圾箱中部隔框,SR80-052,CMM25-37-02
垃圾箱口盖中文标牌,7378GU4BSA66MBG,CMM25-37-02
34ABC行李架边条破损,412A7111-1060D,
子母贴,SJ3526BLK1ADH,
行李架内侧螺钉,BACS12FA3K3,
后厨房左侧弹簧锁扣,A23034-2-1S,
俯仰姿态仪,5002R,
前轮刹车片,69-76189-2,
勤务门观察窗粘接子母扣,BMS8-285TY4CL1 或者SJ3526BLK1ADH,
37A小桌板,1002948-203CABMBG,CMM25-22-57
小桌板螺钉,NPS24693-S47,CMM25-22-57 P263
桌板衬套,43702005MBG,
杂志袋弹簧固定器,1019923-301BHT,
41B应急门桌板,1002949-003CAB,
餐车圆形挡块,SP0221MBG（1EA）0632UNC03SS0GCP（1EA）,
右后门侧边应急灯罩，没有字,207377-1027,
副驾的手持麦克,903-1341,
右后门指示箭头,BAC29PPS35855,AMM11-32-00
左后门指示箭头,BAC29PPS58269,
右后门安全警示带卡扣,412W1137-1A,
机组休息区卡块,413A3314-9B,
卫生间门门框封严条,D72D71546-111,IPC25-41-40-33M
后厕所门框中部封严条,D72D70212-111A,IPC25-41-17-30M
后厨房顶上的通气格栅,411N3213-1H,AMM21-26-03
左侧克鲁格襟翼封严条两根破损,114A1801-7/114A1801-13,
右侧克鲁格襟翼封严,114A1801-8/              114A1801-4    ,
3号后缘襟翼封严,114A1801-8,
3号整流罩中部左侧封严条,113A9350-11,
3号整流罩上部最右边一颗螺钉,BACB31A3-7,
IDG重置次数标牌,766146/764428,CMM24-11-85
IDG勤务门止档块,314-2217-1,CMM71-13-00
救生衣在座椅下方，入座后扣好安全带,1003624-009ACTMBG和:1003624-011ACT,CMM25-23-08
货舱火警面板爆炸帽指示灯盖,"682-1001-001（盖子）
737AS15（灯泡）",IPC33-11-51-03
发动机火警控制面板爆炸帽指示灯盖,682-1001-001,CMM26-10-48
前厕所门防撞条堵头,432W7101-6J,CMM25-48-66
厨房警告提示标牌,SHJH600784-1,CMM25-39-59
存放应急设备,414A5117-467MBG,
氧气瓶标牌,414A5117-1818MBG,
位置卡块33HJK,414A5137-297BMBG,IPC11-32-04
中舱门帘绑带位置卡块,"413A3314-8B（向左）413A3314-9B（向右）
",IPC11-32-04
左前应急门拉绳护壳内两颗螺钉,82-99-341-18,IPC52-22-51
应急门提升把手盖板内螺钉,BACS21AP180RP,
空调出风口盖板缺失一个螺钉,BACB30NN3K4,
主起落架支架卡箍衬垫,BACC10FY088TE,IPC32-11-00
水平安定面和机身连接处螺钉,BACB30VF3K5,
左发高压级活门下游管路支架连杆组件,332A2341-4、BACB28AK04-030、BACB28AK04-042,IPC36-11-01
35ABC窗灯处固定片,65C33289-217,IPC33-21-51-25
"333BB盖板,升降舵前方","BACB30XD3K10
BACN10KE3B6CD（托板）
3B2/3/4/5CD均可，安装托板的铆钉bacr15ba3ad",IPC55-10-00-12
E6架螺钉,BACS21EE6R,
50ABC阅读灯灯罩,11-6557-7G,IPC33-25-00-28
头等舱中扶手盖皮固定钉, MS27039-0807,
左发吊架内侧防火封严,"311A2535-34(封严)  
DAPC02200（胶）",
地毯压条(宽),BAC1522-706-7923MBG,
襟翼防磨盖垫片,NAS1149E0332R,amm27-51-24
G2厨房有一旋钮止挡组件,SP9068N,CMM25-37-02 
头等舱座椅救生衣盖板,47029757BD07MBG,CMM25-25-82
气象雷达收发机风扇固定螺钉,MS51957-14,IPC34-43-31-01
MEL处挡杆,BCREF14275,IPC25-11-00-19 
前储物柜门帘绑带,413A3611-1HM,IPC25-24-50
右发IDG馈线保护盖,762096,IPC24-11-11-50 
救生衣袋子红色拉绳, 1003118-001,
水滤盖板螺钉,MS24693C276,
caution英文标牌,BAC27DPA4958MBG,
紧急出口英文标牌,BAC27DPA5263MBG,
右后舱门“滑梯在内”标识,414A5117-3299MBG,IPC11-32-01-65J 
后厨房跳开关面板有一处指示灯罩,250898,CMM25-39-60
EFB支架,PAB001,
右后应急门下部格栅螺钉,BACS12FA3K12WS,IPC25-21-20-03
应急门上部灯罩,5862-00,IPC33-21-51-74
储物柜锁扣,SP9116,
证件夹,G77F2500086D001-001,
烤箱钉,BACB30NM4K15 ,
厕所垃圾箱盖板防火门,"NAS1801-3-10  （螺钉）
NAS1149D0332K （垫片）",
反推防火封严胶,DAPCO2200,
头等舱座椅防撞堵盖,48233017L044300MBG,
座椅扶手后盖,1002993-001CAHMBG,
杂志袋弹簧 ,1002634-003MBG,
扎带  ,BACS38K7,
沉头垫片,BACW10U-C10P,
防火胶,DAPCO2200,
IDG加油口盖连接钢索, 87-5169, IPC 24-11-11-50
拉铆钉,BACR15DR3AC3,
烟雾探测器标牌,BAC27NEC261MBG 、BAC27NEC292,
座椅作动筒护壳,1003107-003,
BMS-5-95:PS870B2（替代件号：PS870B1/2）/pro-seal 870 B-2,PS870B1/2,
BMS3-38：COR-BAN27L,BMS5-45：PR1776MB2,
390传感器,129666-3,
预冷器活门,63292146-1,
发动机防冰排放口盖板螺钉,NAS8703U4,
50h座椅防撞条,1002636-302ACLMBG,
57C座椅右侧防撞板,1002636-301ACLMBG,
电子舱地板螺钉,NAS514P1032-14,
氧气瓶和封圈,氧气瓶801307-00和封圈0041-1092BAC,
地毯胶带,POLYKEN 108FR NAT,
头等舱座椅防撞堵盖,48233017L044300MBG,
座椅扶手后盖,1002993-001CAHMBG,
杂志袋弹簧 , 1002634-003MBG,
座椅桌板衬套螺钉,NPS24694-S3/NPS24693-S47, CMM25-22-57
沉头垫片,BACW10U-C10P,
防火胶,DAPCO2200,
IDG加油口盖连接钢索,87-5169 , IPC 24-11-11-50
烟雾探测器标牌,BAC27NEC261MBG    BAC27NEC292,
MEL处挡杆, BCREF14275  , IPC 25-11-00-19(040)
启动电门，包含（启动电门6600-2849，垫片：69-59092-1）,530938-1,IPC 74-31-52-01
插头清洁剂,CRCO2016,
垃圾箱盖板弹簧,SP9120MBG,
厨房红色旋钮组件,SP9068O,
安全警示带标牌，起飞降落,G7381100025D001-001,
左后门指示箭头缺角破碎,BAC29PPS35853,
1A 35K客舱玻璃裂纹 ,411A1733-1B 或 411A1733-1BMBG//411A1733-31B 或 411A1733-31BMBG,
48HJK侧窗灯卡子缺少螺钉,BACS12ER3K10,
反推打开作动筒标牌,"1FA1401295
1FA1401296
",
救生衣在座椅下,1003624-243ACTMBG,
入座后扣好安全带,1003624-241ACTMBG,
救生衣在座椅下方，入座后扣好安全带,1003624-009ACTMBG和:1003624-011ACT,CMM25-23-08
左发9点钟进气道外圈铆钉松动,CR3524-6-03铆钉,
后货仓那个是尼龙圆柱形状的材料整体,手柄66-18189-1,
刹车,2-1587-1,
46ABC应急灯灯罩,10-1042-10 ,"IPC33-51-03-60F
"
空调通风口罩壳卡不住,11月-40,
左侧克鲁格襟翼最内侧搭铁线即将断裂,BACJ40AB27-8,IPC27-81-31-04 ITEM72
左侧克鲁格襟翼，由内向外第二个搭地线,BACJ40AB27-6,IPC27-81-31-04 ITEM73
左侧克鲁格襟翼，由内向外第3个搭地线,BACJ40AB24-7,IPC57-42-00-07 ITEM145
左侧克鲁格襟翼，由内向外第4个搭地线,BACJ40AB27-8,IPC27-81-31-03 ITEM67
左侧克鲁格襟翼，由内向外第5个搭地线,BACJ40AB26-6,IPC57-42-00-06 ITEM32
机身下部余水孔,140N2022-1,
副驾3号遮阳帘,170-14461-990,
大翼下表面螺钉,BACB30NT3-3,
排污盖板内搭地线断丝,BACJ40AC44-5,IPC52-49-07-01-75 
左大翼内侧扰流板搭铁线,BACJ40AB20-10,27-62-12-01-35
左后乘务员座椅安全带,2100002-01-048,
,"平尾
BACB30XD3K8  5EA
BACB30XD3K10  5EA
BACB30ZE4-7  5EA
BACB30ZE4-10  3EA
货仓
BACB30VF3K2  2EA
BACB30VF3K3  4EA
BACB30VF3K4  4EA",
PUSH TO UNLOCK,1FA1401296,
WARNING,，01295,
"333BB盖板,升降舵前方",BACB30XD3K8 ,
左发火警探测线屏蔽网断了,"P440  1IN
BMS13-54  TY3CL1GRDFINC",
左发尾喷四点钟一颗铆钉断裂，发动机尾喷口铆钉,NAS1200-6-5,
烤箱钉,BACB30NM4K15 ,
证件夹,G77F2500086D001-001,
厨房锁扣,SP9116,
液压油,HYJET V,
绿油,MOBIL GREASE33,
左后厕所垃圾箱盖板防火门缺少螺钉垫圈一套,"NAS1801-3-10   1EA螺钉
NAS1149D0332K   2EA垫片",
大翼照明灯,HLX64621,
右后应急门下部格栅缺少一颗螺钉,BACS12FA3K12WS,IPC25-21-20-03
左后厕所马桶圈缺少一个马桶垫,G7372500034D001,CMM25-48
左前和左后应急门上部灯罩有裂纹,5862-00,IPC33-21-51-74
42HJK行李架上部灯罩,5376-00 或 5376-01,IPC 33-51-03-90A项目100/395
三号窗下面的装饰板螺钉,WHS10F6TPKL10GY,
胶,RTV102,
金属胶带,3M425-2或者425/2INCH,
干膜防腐剂,MOLYKOTE D321R,
清洗剂,RH-P-680,
除锈剂,WD40,
货舱胶带,621/3INCH,
清洁剂,TURCO ALTREX 24,
防腐剂,COR-BAN27L替代BMS3-38,
防咬剂,LF-AS328替代BMS3-28,
登机门门槛防磨条, 65-69063-20 ,IPC25-27-21
烤箱旋钮,239465MBG,
38K座椅桌板桌板扣失效,1007790-001CXV,
空调汽滤,PMA件：P196698PY,
应急灯泡,767,
氧气瓶,氧气瓶801307-00和封圈0041-1092BAC,
34A/51J/52J桌板衬套损坏,43702005MBG,
44C/38k/39H座椅后扶手皮,1002993-001CAHMBG,
座椅安全带,2010-1-611-2428,
47K/48K无桌板标牌，桌板标牌2套,1003624-009ACTMBG、1003624-011ACTMBG,
右后门观察窗裂纹,411A2127-4A,
垃圾箱盖板弹簧,SP9120MBG,
水滤盖板螺钉,MS24693C276,
机身余水口,140N2022-1,
雨刮条垫片,C20885-0022,
荧光条,SG8191-1/SG99041R55,
垃圾箱盖板的螺钉,MS51957-29,
FMC大白帽,15PA90-6W,
左发左侧整流罩上拖把螺帽缺失,"NAS1399D4-3铆钉/托板BACN10JR6CFD已加
按如下临时处理，航材已加。
1. Remove the damaged nutplate.

2. Perform a detailed visual inspection (DVI) at x10 magnification of the discrepant area to ensure there is no additional damage.

3. Perform HFEC inspection of the rivet holes per 737 NDT Manual Part 6, 51-00-00, Procedure 16 to verify a crack-free condition. Ensure the diameters of the rivet holes are within DWG tolerance.

4. There is no damage per Steps 2 and 3.

5. Apply a chemical conversion coating to bare aluminum surfaces per SOPM 20-43-03.

6. Install the BACN10JR6CFD nutplate with NAS1399D4* blind rivets per SRM 51-40-02.

7. After nutplate installation, install 315A2258 de-activation pin or equivalent tooling pin to align floating nut with bushings. Seal floating nut to base using BMS5-26 per BAC5000 fillet seal requirements. Leave pin installed until sufficient curing of sealant has occurred to retain aligned position. Nut movement shall be limited by cured sealant. Sealant not allowed in hole or threads of nutplate or hole of fitting detail.

8. Replace the installed blind rivets with BACR15GF4D* solid rivets at next C Check or 24 months, whichever comes first.",
右发左侧反推打开作动筒漏油,1FA14012-8,
地板压条(宽)破损,（宽）5180706792窄：5180180792,
右前门少一插座盖板,"SAM214-29,标牌 BAC29PPS49021MBG",
右2号窗下标牌,BAC27DPA3687MBG；BAC27DPA5127MBG；BAC27DPA3686MBG；BAC27DPA5125MBG,
左2应急门灯管, 5106WW,
液压A系统EMDP上部线束与拉绳刮磨,P440 1IN,
后乘务员座椅下面盖板锁扣, SAM222-18,
双面胶带,POLYKEN 108FR NAT,
搭铁线和胶, BACJ40AB27-8   PS870B1/2,
前储物柜上部缺少封严条,BACP18BC02A04P,
2号厨房保温箱侧面的封严条破损,8922-11-0000-10,
右前隔板门帘绑带缺少卡扣,413A3611-1HMMBG,
1A座椅前上护罩护壳裂纹,48918307L044300MBG,
1K座椅侧装饰条裂纹,48233011L044300MBG,
1H座椅边扶手皮(左翻)裂纹,48918051BD06,
外流活门黑色防磨片,21990-02 ,
前门槛浮子活门管路卡箍,BACC10JB026C034,
 左ACM出口波纹管破损,AS1505-18A0032,
右1和右2应急门侧窗灯胡壳边角处壳子,71320-08,
插头清洁剂,LPS03116,
刹车储压器垫圈, NAS1149DN632H（第一层）NAS1149D0516H（后四层）,
请勿存放物品,BAC29PPS60042MGB（中文）BAC29PPS60043MGB（英文）,
主起落架舱门搭铁线,BACJ40A21-8,
再循环风扇汽滤卡子,214T5408-2,21-25-01-01  270/445
第二观察员氧气面罩上部储物盒顶部盖板,232A1432-7,
后厨房长红色餐车(向左翻)挡块失效,SP9098MBG,
地图夹固定钉,NAS602-22P,
54K座椅桌板衬套破损和缺少螺钉,螺钉P/N:NPS24694-S3  1EA衬套P/N:43702005(有件),
32HJK遮阳板裂纹,32HJK遮阳板裂纹,
1C桌板缺少圆头螺钉,LP35206-225 ,
31hjk侧窗灯外壳缺少卡子,71320-08,
减摆器开口销,BACP18BC02A06P,
右发核心机右侧上部火警探测组件接线片松动，导线和接线片接触处松动,接线片YAV14G88,
防磨带,T25F-C0,
, EC 3532B/A,
左后门和右后门上部方形灯罩掉漆, 11-4269-1E,
发动机防冰出口盖板螺钉,NAS8703U4,
左后厕所门框缺失一颗紧固件,NAS514P1032-8,
右后厕所折叠门框螺钉丢失一颗,NAS514P632-7,IPC25-41-17-52
左大翼3号后缘襟翼后段整流罩有一颗紧固件松动,BACB31A3-7,
前登机口摄像头破裂,8410B1-204-105,
右大翼最靠近发动机那根搭铁线断裂,BACJ40AB27-8,
观察员座椅销子,1C3109-1或1C3109-1MBG,
前舱隔板门帘绑带失效,413A3611-1HMMBG,
左后厕所卷纸轴钢索脱丝,D73D70034-101,CMM25-48-67
左后乘务员座椅扭簧断裂,2D2023-13,CMM25-29-86
后厨房左后垃圾箱盖板下部柜门缺少螺钉的阴塞,,
1H左边防撞条破损,48233012L044300或48233012L044300MBG,CMM25-25-82
1C座椅后护壳下部破损,48233015BNG,CMM25-25-82
风挡加温标牌,THE10S-A,
右后厕所门框底部螺钉丢失,NAS514P1032-8,
HF天线防风膜,3M8673-10,
预冷器kiss封严,82C10020-2,
前储物柜门帘绑带扣,413A3611-1HMBG（无件413A3611-1HMMBG、413A3611-1HM）,
43H座椅按钮失效,按钮无件SP21651B，已加钢索SP23997C27,
前客舱顶部应急灯罩破裂,.5376-01,
P19耳机盖板最下面的锁扣盖不严，且内部封圈破损,锁扣：BACL10AM090-256，铆钉：BACR15GF6D5,
前储物柜仅供存放应急设备和氧气瓶标牌破损,414A5117-467，414A5117-1818,
左后厕所冲水马桶按钮外科裂纹,D72D93002-111,
后厨房中部红色小旋钮丢失,旋钮：SP0221内六方：0632UNC03SS0GCP,
左后安全警示带卡扣缺损,412W1137-1A, IPC 25-66-10-03项目20
8A座椅桌板螺钉装错,NPS24693-S47,
1H中扶手遥控器接线头,RDFA5001-05或RD-FA5001-05,CMM 25-25-82图14项目75
,"左侧反推D1008：BAC27DEL1181
左侧反推V148：BAC27DEL1179",
副驾驶扶手皮套破损,1A090-0129AJMBG,CMM25-11-39  
第一观察员座椅肩套,1C7004-11ABEMBG , CMM25-11-07
前登机门滑梯预位标牌裂纹,414A5117-3299MBG,
2号厨房下部靠过道防踢板破损,7378GUF2SA11-3,
货舱灯泡,2233,
货舱门缓冲器,140210-1,
前乘务员座椅(靠过道)扭簧断裂,2D2023-7,
前厕所抽纸盒螺钉垫片,  NAS1801-06-6（NAS1149DN616K,
右后厕所门边框缺少一颗螺钉, NAS514P1032-7,
驾驶舱机长座椅背部救生衣存储袋粘扣失效,3A505-0003VA魔术贴有件，救生衣存放袋 0A226-0299无件,
应急门扶手掉皮,414A1420-8D,
左后厕所门中部封压条破碎,D72D70212-111A,
31B座椅(左翻)桌板缺少桌板中间轴,47000285,
货舱灯螺杆, BACS12FA3K7,
,"2个STUD  BACS21ED9AR
2个索环    BACG20X4",
尼龙搭扣 , A840R0050L694SI-2  A840R0050H694SC,
地锚螺杆2颗,BACS12GR3L10,
IDG重置次数标牌,766146,
地锚螺杆2颗, BACS12GR3L10,
拉环1个,BACR12BU17SN,
尼龙搭扣 ,A840R0050L694SI-2  A840R0050H694SC,
671BB盖板,BACB30NN3K4,
右后门观察窗玻璃,411A2127-4A,
前乘务员座椅坐垫套破损（靠过道）,坐垫罩子2D7008-11DFW,
电话线,020003263,
电话,285W0024-1M/285W0024-1B,
电话标识,BAC27DEX6838,
机组侧氧气面罩盒测试按钮,407428,左门组件
头等舱座椅中部救生衣壳红色绑带,1004058-421,CMM25-25-82
E厕所卷纸盖板钢索,D72D70337-917,CMM25-47-72
阅读灯灯罩(老飞机),11-6557-7G,IPC33-23-00-28
应急门提升把手盖板内螺钉,BACS21AP180RP,IPC52-22-51-01A
地毯压条,BAC1522-706-7923(MBG),
前储物柜门帘绑带,413A3611-1HM(MBG),IPC25-24-50
经济舱座椅下部救生衣袋及红色拉绳,1003095-001,CMM25-22-57
,1003118-001,
应急门下部和格栅中间胶条上的螺钉,BACS12FA3K12GF或BACS12FA3K12WS,IPC25-21-20-03
内层玻璃（有裂纹）,411A1733-1B(MBG)或者411A1733-31B(MBG),IPC 25-21-12-34B
婴儿安全带,1027-2-011-8011/2010-5-011-2428,
"ABC座椅下部（LH）电子罩壳
Shroud Assembly - SEB Housing",1003007-002,CMM25-22-57 P251
"HJK座椅下部（RH）电子罩壳
Shroud Assembly - SEB Housing",1003007-001,
旅客座椅正常安全带,2010-1-611-2428,CMM25-22-57 P243
机组休息区位置标牌（向左）,413A3314-8B,IPC25-24-10
机组休息区位置标牌（向右）,413A3314-9B,IPC25-24-10
乘务员安全带,2100002-01-048,CMM25-29-86 P157
客舱海伦灭火瓶（红色瓶体）,898052,
PSU空调出风口罩壳（老飞机）,3740-11,IPC21-24-00-28B
厕所灯管,5113WW,
阅读灯灯泡,55-2253-5,IPC33-23-00-28
,9204,
阅读灯灯罩,11-6557-7G,IPC33-23-00-28
侧窗灯罩间隙填充灯罩（小）,71320-08,IPC33-21-51-74
或：窗灯间固定片,65C33289-217,IPC33-21-51-25
禁止吸烟灯泡,7387,IPC33-23-00-28B
固定着陆灯,Q4559X,IPC33-42-01-01A
,65-53875-19,
大翼照明灯,HLX64621,
应急灯,电池：D717-01-100,
,电源供应：D717-02-001,
行李架上应急灯灯罩,10-1042-10或10-1042-7,IPC33-51-03-60F
货舱灯灯泡（天花板）,2233,IPC33-36-00-15
货舱灯灯罩（天花板）,15-0712-12,
货舱灯灯泡（门槛）,1665/1665IF,IPC33-36-00-16-040
BSI窗灯,9651-35-000X（数位置）,
前轮舱灯泡（大/方形）,3011/CM3011/MS25235-3011,"IPC33-30-51-50A-025
IPC33-32-00-01A-040
IPC33-32-00-02A-070"
主轮舱灯泡（大/方形）,3011/MS25235-3011/CM3011,IPC33-32-00-01A-040
主轮舱灯泡（小/圆形）,1665,WDM EQ L174 L175
应急门上部灯罩（有裂纹）,5862-00,IPC33-21-51-74
"（5676）43ABC侧窗灯
左二应急门后第一个",9650-35-0002,
"（5676）55ABC侧窗灯
从后往前数第三个",9650-35-0005,
"(5770)38ABC侧窗灯闪烁
左前应急门前数第四个",（AW）9651-35-0004,
驾驶舱三证证件夹,G77F2500086D001-001,"EO-CZ-7NG
-25-240004R2"
货舱快卸钉,BACS21EE6R,E6-1架
货舱快卸钉分3部分,BACS21ED9/10/12/13AR,IPC25-50-52-48
货舱快卸钉分3部分,BACG20X9,IPC25-50-52-48
货舱快卸钉分3部分,BACR12X1,IPC25-50-52-48
货舱门槛处螺钉,BACB30VF3K4,IPC53-13-00-08
后货仓门槛前部填充块缺损,143A8334-1,IPC53-13-00-08  92
后货舱门槛后部填充块,146A8344-2,IPC53-13-00-08  107
前货舱门槛前部填充块,143A8334-1,IPC53-13-00-08 97
前货舱门槛后部填充块,143A8834-2,IPC53-13-00-08 98
后厨房右上角长方倒角型储物柜门锁,SP9116,
后厨房水滤（方形盖板）上螺钉,MS24693C276,CMM25-39-60(485)
六方螺栓（固定厨房烤箱用）,BACB30NM4K15,
垫片（固定厨房烤箱用）,66-2955-4,
沉头螺栓（改装前固定烤箱用）,MS24694S108,
后厨房跳开关面板绿色指示灯（罩）,250898或FD90-0200,CMM25-39-60
止挡组件外露手柄分解,旋钮SP0221；垫片SP0219，攻丝0632UNC03SS0GCP,CMM25-39-60
G2/G4厨房旋钮止挡组件,SP9068O /SP9068N,CMM25-39-59
厨房垃圾箱盖板弹簧,SP9120(MBG),CMM25-37-01 P106
后厨房锐三角形挡块（小）,【左】C51120B；【右】C51120C,
左右后厕所门框边上的封严条,D72D71546-111,IPC25-41-40-33M
左右后厕所门中部中央的封严条,D72D70212-111A,IPC25-41-17-30M
马桶圈上的垫块,"D72D72591-111或
者G7372500034D001",
客舱多用AB胶（粘性）,EC 3532B/A,
客舱装饰胶（涂白色）,RTV102,
标记胶,EC1252,
异丙醇,TT-I-735A,
胶带（编织层临时修复）,P440 1IN,
870密封胶,PS870B1/2,
防水胶（马桶下水等部件粘接）,RTV3145或者RTV732,
防磨胶带（可用发动机高温高振）,P440 1IN / P440 1INCH,
扎绳（ENG用高温高振防腐）,BMS13-54 TY3CL1GRDFINC,
双面胶（如驾驶舱三证夹粘贴）,950 2INCH / 3M950-2,
液压油,HYJET V,
绿油,MOBIL GREASE33,
防火胶,DAPCO2200,
保险丝（粗）,MS20995C32,
保险丝（细）, MS20995C20,
纸胶带,3m232-2（1寸或2寸）,
电气插头清洁剂, LPS CFC FREE,
空速管套, KPC3-825-8,
厕所冲洗电门, ms25025-1,
常用防水接线管, D436-37,
加长安全带, 500903-401-2251,
演示包内  氧气面罩,289-801-240,
轮舱储压器压力表,2000-15或6931-700,IPC32-41-51-07
水平安定面与机身连接处封严上螺钉,BACB30VF3K5/3K7,
前轮刹车片,69-76189-1或69-76189-2,IPC32-22-11-02
大翼下表面危险标牌 中英文,BAC27DXT62,IPC11-24-01-13A
机组氧气瓶、封圈,801307-00(钢制)/B42365-1（复材）,参考AMM12-15-21
机组氧气瓶封圈,0041-1092BAC,IPC35-12-52-05-095
发动机吊架防火封严（左侧）,311A2535-33,IPC54-53-02-02
发动机吊架防火封严（右侧）,311A2535-34,IPC54-53-02-02
IDG馈线保护盖,762096,IPC24-11-11-50
核心机火警探测原件上的垫片,NAS1149C0432R,IPC26-11-01-02(22)
左大翼克鲁格襟翼最内侧上部封严,116A2913-1,
发动机尾喷上一圈铆钉,NAS1200-6-5,IPC78-11-01-01(325)
发动机反推打开作动筒上标签,PUSH TO UNLOCK:1FA1401296/WARNING:1FA1401295,
（左）大翼内侧扰流板搭地线,BACJ40AB20-10,IPC27-62-12-01 35
排污盖板内搭地线,BACJ40AC44-5,IPC52-49-07-01 75
扰流板混控器,N/A,IPC27-61-21-01
副翼内侧下表面罩子上的四颗螺钉,BACB30NT3-3,IPC27-11-11-02 210
副翼前方机翼下表面螺钉,BACB30NN3K5,IPC57-50-00-15 125
机身1016排放口(FITTING),140W2813-1,IPC53-31-00-04A
机身1016排放口(RIVET),BACR15BB5AD5C,IPC53-31-00-04A
机身1016排放口(WASHER), NAS1149DN816J,IPC53-31-00-04A
机身下部余水孔（六边形plug）,140N2022-1,IPC51-41-13/52-41-31
发动机防冰出口盖板上一圈螺钉,NAS8703U4,IPC71-11-01-02
滑行灯,4551,
固定着陆灯,Q4559X,
可收放着陆灯,Q4559X,
转弯灯,4551,
着陆灯和滑行灯减震垫,65-53875-19,
航徽灯,HLX64621,
位置灯,HLX64621,
翼尖白灯,HLX64621,
大翼照明灯,HLX64621,
轮舱大灯,3011,
轮舱小灯,1665,
阅读灯,9204,
停留刹车灯、主警告灯,1864,
厕所洗手液瓶,TRBR10JS2TH,
烧水器,L13471-27,
烧水器螺钉,MS24693C278,
餐车锁扣大,,
经济舱座椅扶手盖后,1002993-001CAH,
高端经济舱下装饰盖,1002690-311ACLMBG,
杂志袋弹簧,1002634-003MBG,
后舱警示带,G7382500025D001-001,
主轮气门芯,TRC4,
加长安全带,2010-2-011-2428,
座椅侧面装饰板左,1002636-301ACLMBG,
座椅侧面装饰板右,1002636-302ACLMBG,
经济舱座椅作动筒,1011535-001,
头等舱座椅作动筒,HV17500-09,
经济舱座椅扶手盖前,1003636-001ACJ,
机组氧气瓶,801307-00,
机组氧气瓶封圈,0041-1092BAC,
外流活门搭地线,5916-15994-1,
停留刹车灯泡,1864,
厨房水龙头旁WORK灯,61N4STANDARD33,
登机门出口灯罩（侧）,207377-1025,
应急门出口灯罩（左）,207377-1026,
厕所门应急灯罩（空）,207377-1081,
应急门出口灯罩（右）,207377-1027,
头等舱USB插孔盖,RD-FA6013-02,
观察员座椅上方装饰板,232A1432-7,
高端经济舱扶手盖,1002688-001CAH,
左前登机门入口下部灯罩,11-0322-9,
"经济舱座椅下电子盒（右）
",1003007-001,
"经济舱座椅下电子盒（左）
",1003007-002,
外部应急灯灯泡,767,
经济舱座椅调节钢索,SP23997C27,
俯仰姿态倾斜计,5002P,
滚装姿态倾斜计,5002R,
饮用水消毒水滤封圈,EV034401,
"发动机整流罩防冰出口盖板螺钉
",NAS8703U4,
经济舱座椅出风口,3740-11,
餐车锁扣旋钮,SP0221,
餐车锁扣旋钮螺钉,0632UNC03SS0GCP,
外接空调搭地线,BACJ40AD33-7,
克鲁格襟翼封严螺钉,BACB30VF3K3 ,
克鲁格襟翼封严内侧（右）,114A1801-8,
克鲁格襟翼封严内侧（左）,114A1801-7,
克鲁格襟翼封严内侧（左中）,114A1801-11,
克鲁格襟翼封严内侧（右中）,114A1801-12,
克鲁格襟翼封严外侧（左）,114A1801-13,
克鲁格襟翼封严外侧（右）, 114A1801-14 ,
中央操纵台两侧杯托,232A4262-4,
客舱安全警示带,G7382500025D001-00,
客舱安全警示带袋子,G7382500025D002-001,
粘扣块,G7382500025D003-001,
胶粘剂,EC847,
洗手液盒,d72d70013-111,
吊架整流罩螺钉（390）,BACB30LR4-8G,
货舱拉绳底座接耳,69-77997-4,
新飞机1AC   ,414A5137-81B ,
新飞机31ABC,414A5137-61B,
新飞机32ABC,414A5137-63B,
新飞机33ABC,414A5137-65B ,
新飞机34ABC,414A5137-67B,
新飞机35ABC,414A5137-69B,
新飞机36ABC,414A5137-71B ,
新飞机37ABC,414A5137-73B,
新飞机38ABC,414A5137-75B,
新飞机39ABC,414A5137-77B,
新飞机40ABC,414A5137-79B,
新飞机41ABC,414A5137-221B,
新飞机42ABC,414A5137-223B,
新飞机43ABC,414A5137-225B ,
新飞机44ABC,414A5137-227B,
新飞机45ABC,414A5137-229B,
新飞机46ABC,414A5137-231B,
新飞机47ABC,414A5137-233B,
新飞机48ABC,414A5137-235B,
新飞机49ABC,414A5137-237B,
新飞机50ABC,414A5137-239B,
新飞机51ABC,414A5137-241B ,
新飞机52ABC,414A5137-243B,
新飞机53ABC,414A5137-245B,
新飞机54ABC,414A5137-247B ,
新飞机55ABC,414A5137-249B ,
新飞机56ABC,414A5137-251B,
新飞机57ABC,G7371100113C002-003,
新飞机58ABC,G7371100113C002-005,
新飞机1HK ,414A5137-265B,
新飞机31HJK,414A5137-295B,
新飞机32HJK,414A5137-296B,
新飞机33HJK,414A5137-297B,
新飞机34HJK,414A5137-298B,
新飞机35HJK,414A5137-299B,
新飞机36HJK,414A5137-300B,
新飞机37HJK,414A5137-301B,
新飞机38HJK,414A5137-302B ,
新飞机39HJK,414A5137-303B,
新飞机40HJK,414A5137-304B,
新飞机41HJK,414A5137-305B,
新飞机42HJK,414A5137-306B,
新飞机43HJK,414A5137-307B,
新飞机44HJK,414A5137-308B ,
新飞机45HJK,414A5137-309B,
新飞机46HJK,414A5137-310B ,
新飞机47HJK,414A5137-311B,
新飞机48HJK,414A5137-312B,
新飞机49HJK,414A5137-313B,
新飞机50HJK,414A5137-314B,
新飞机51HJK,414A5137-315B,
新飞机52HJK,414A5137-316B ,
新飞机53HJK,414A5137-317B,
新飞机54HJK,414A5137-318B,
新飞机55HJK,414A5137-319B,
新飞机56HJK,414A5137-320B,
新飞机57HJK,G7371100113C002-004,
新飞机58HJK,G7371100113C002-006,
老飞机1AC   ,G737N11001-001,
老飞机2AC   ,G737N11001-002,
老飞机31ABC,G737N11001-031 ,
老飞机32ABC,G737N11001-032 ,
老飞机33ABC,G737N11001-033 ,
老飞机34ABC,G737N11001-034 ,
老飞机35ABC,G737N11001-035 ,
老飞机36ABC,G737N11001-036 ,
老飞机37ABC,G737N11001-037 ,
老飞机38ABC,G737N11001-038 ,
老飞机39ABC,G737N11001-039,
老飞机40ABC,G737N11001-040,
老飞机41ABC,G737N11001-041,
老飞机42ABC,G737N11001-042,
老飞机43ABC,G737N11001-043,
老飞机44ABC,G737N11001-044,
老飞机45ABC,G737N11001-045,
老飞机46ABC,G737N11001-046,
老飞机47ABC,G737N11001-047,
老飞机48ABC,G737N11001-048,
老飞机49ABC,G737N11001-049,
老飞机50ABC,G737N11001-050,
老飞机51ABC,G737N11001-051,
老飞机52ABC,G737N11001-052,
老飞机53ABC,G737N11001-053,
老飞机54ABC,G737N11001-054,
老飞机55ABC,G737N11001-055,
老飞机56ABC,G737N11001-056,
老飞机57ABC,G7371100113C001-003,
老飞机58ABC,G7371100113C001-004,
老飞机1HK ,G737N11001-201,
老飞机2HK ,G737N11001-202,
老飞机31HJK,G737N11001-231,
老飞机32HJK,G737N11001-232,
老飞机33HJK,G737N11001-233,
老飞机34HJK,G737N11001-234,
老飞机35HJK,G737N11001-235,
老飞机36HJK,G737N11001-236,
老飞机37HJK,G737N11001-237,
老飞机38HJK,G737N11001-238,
老飞机39HJK,G737N11001-239,
老飞机40HJK,G737N11001-240,
老飞机41HJK,G737N11001-241,
老飞机42HJK,G737N11001-242,
老飞机43HJK,G737N11001-243,
老飞机44HJK,G737N11001-244,
老飞机45HJK,G737N11001-245,
老飞机46HJK,G737N11001-246,
老飞机47HJK,G737N11001-247,
老飞机48HJK,G737N11001-248,
老飞机49HJK,G737N11001-249,
老飞机50HJK,G737N11001-250,
老飞机51HJK,G737N11001-251,
老飞机52HJK,G737N11001-252,
老飞机53HJK,G737N11001-253,
老飞机54HJK,G737N11001-254,
老飞机55HJK,G737N11001-255,
老飞机56HJK,G737N11001-256,
老飞机57HJK,G7371100113C001-005,
老飞机58HJK,G7371100113C001-006,
应急门上的遮光板,411N1109-14,
饮用水消毒水滤,150G/EV949000,
烧水器快卸接头,2KLF16,
旅客救生衣,XMF0100/1W、63600-133,
机组救生衣,XMF0100/1WC,
乘客座椅救生衣储存袋,1003095-001,
乘客救生衣储存袋上的捆绑带,1003118-001,
厕所门内部锁打开手柄,0FV0230A01G01,
遮阳挡板(P7),233A8304-17（左）,
侧窗灯保险,2A  FU1546         ,
侧窗灯保险,1.5A 774-115-91,
顶灯保险,774-115-91,
机组头戴耳机,64300-200,
驾驶舱手持麦克,903-1341,
航徽灯大螺钉,BACB30ZE4-5G,
旅客止步警示带,G7382500025D001-001,
旅客止步警示包,G7382500025D002-001,
Lap Belt Assembly 旅客安全带,2010-1-611-2428,
FAUCET ASSY 厕所水龙头带DRAIN活门,AR9030-1D5D492,
FAUCET 厕所水龙头,AR9030-3D3D492,
VALVE ASSY 厕所水龙头芯,67839或74876-1,
TIMER 厕所水龙头延时器,31460-5,
SETSCREW 厕所水龙头盖安装螺钉,20095-404,
TOILET PAPER HOLDER ASSY 厕所手纸滚棒,D73D70034-101,
FLUSH SWITCH ASSY 厕所马桶冲洗电门,D72D93002-111,
ASHTRAY 厕所门烟灰缸,D72D70434-111,
前轮保险螺钉,BACS12HL3AH6,
BUN WARMER 毛巾加温器,8922-11-0000-10/8922-01-0000,
BOLT 烤箱安装螺栓,BACB30NM4K15,
WORKTOP LIGHT ASSY 厨房工作灯组件 ,3212LE01EA06,
FLUORESCENT TUBE 厨房工作灯管,TL4W33,
"CATCH, TURN (LARGE) 餐车大手柄",C52587B,
"CATCH, TURN (MEDIUM) 餐车中手柄",SP9098,
BOLT 餐车手柄安装螺栓,3202GP05MD24,
"CATCH, TURN (MEDIUM) 中手柄",C52579B,
"CATCH, TURN (MEDIUM) 中手柄",C52579C,
"BUTTON, TURN (SMALL) 柜门小手柄",C51120B,
"BUTTON, TURN (SMALL) 柜门小手柄",C51120C,
马桶清洗剂,SP-GVAK/CN-01,
机载打印纸 , 8050917-0006,
铜保险丝 ,MS20995CY20,
空速管套、皮托管套, KPC3-825-8/KPC3-480-325,
起落架安全销,C32026-2(整套：C32026-1） 或 C32026-12（整套：C32026-6） 或 C32026-16（整套：C32026-15）,
厕所垃圾箱箱温度指示带,黑色Tll4A17077/红色240-180-250,
除胶姆剂,BD100,
干洗剂,BD1000,
封边剂（高频天线贴膜）,ES2000,
凡士林,VVP236,
防咬剂,NSBT-8N,
外部防腐剂,D5026NS,
内部防腐剂,AV25,
显影剂,ARDROX9D1B,
高温扎绳,BMS13-54TY3CL1GRDFINC,
驾驶舱杯托,大-232A4262-4/小-232A4262-1,
RA天线,S67-2002-28,
驾驶舱灭火瓶标识,EC1252,EO：B737N26037
左2窗遮阳帘挂钩脱落的装饰板,232A1504-27,
空调冲压空气进气管道软管,B0E2252-0005,
MMR,822-1821-002/822-1821-001,
货舱门手柄保护盖弹簧,103689-3,
脚蹬压力电门,211C223-516,
登机门观察窗警示带,411A2117-12/13(带）、NAS514P1032-12（螺钉）,
阵风锁,69-58432-1 ,
高压级调节器,107484-7或者107484-6,
驾驶舱门谐音组件,285T0855-5,
前乘务员面板,115E1670G14,
CDU,174101-02-02,
PSEU,285A1600-6,
皮托管,0851HT-2/0851HT-1,
 FQPU,30128-03,
前厕所镜前灯底座,BV5-01258和BV5-01261,
雷达控制面板,622-5129-802,
IDG,761574B,
APU启动发电机,28B545-9 ,
APU点火导线,3876132-12,
APU激励器,3888058-7,
APU点火电嘴,305766-1,
MCP,822-1567-102,
气象雷达收发机冷却风扇,642-6512-001,
M1766 ,254A1150-15 或 254A1150-13,
 M1767,254A1150-16 或 254A1150-14,
AACU ,42-935-2,
发动机整流罩防冰活门,3215618-5,
EFB支架,FG-B737-R-02,
EFB托盘,PAB001,
TAT,102LA2AG,
TAT封圈,NAS1523AA4R,
TAT螺钉,BACB30LH2-3,
P5-9面板,233A3201-305,
前货舱地板地锚,（地锚）453A1611-26/（螺钉）BACB30LH3-10 ,
登机门警示带(黄黑色),（警示带）503274-415，（螺杆）BACS12ER08K8,
ADIRU,HG2050AC11,
驾驶舱氧气面罩盒子,MXP147-5,
驾驶舱氧气面罩盒左门组件,407428,CMM35-11-79
风挡温度贴,THE10S-A,
ASA,D434-56-001,
FMC,176200-01-01,
后乘务员面板,115E1670G18,
清洁剂,ALGLAS VISIAL,
高温石墨油脂,ROYCO44,
737NG换轮油脂,MOBILGREASE28,
插头清洁剂,LPS03116,
异丙醇,TT-I-735A,
绿油,MOBIL GREASE33,
消毒剂,PUROGENE,
胶,RTV102,
烤箱清洁剂,SP 83000   ,
防腐剂,AV25                    替代 BMS3-26,
防腐剂,"AV 8
替代 BMS3-23",
渗透油,KROIL,
润滑脂,MOLYKOTE G-RAPID PLUS SPRAY,
内部使用防腐剂,D5026NS,
防腐剂, COR-BAN27L             替代 BMS3-38,
酒精,1610-A,
清洁剂,TURCO4460,
干膜防腐润滑剂,MOLYKOTE D321R,
清洗剂,RH-P-680,
胶,DC340,
清洁剂,TURCO ALTREX 24,
插头清洁剂,CRC02016,
油脂,MOLYKOTE111,
防咬剂,"LF-AS328
替代 BMS3-28",
显影剂,ARDROX9D1B,
石墨矿物凡士林,GP460,
螺纹锁定液,LOCTITE222,
"""Skydrol SAEAS1241""",EXXON HYJET V,
0-152-000303000,P15-500S,
03-001,ROYCO 363,
03-001,ROYCO363,
03-002,MOBIL JET2,
04-004,MOBIL GREASE33,
04-004,MOBIL JET2,
04-004A,MOBIL 28,
04-004B,AEROSHELL 7,
04-007,MOLYKOTE D321R,
04-008,ROYCO 825,
04-008,ROYCO HF-825,
04-012,BRAYCOTE 236,
04-012,V-V-P-236A,
04-012,VV-P-236,
04-015,MCS352B,
04-017,DC33,
04-017,DC-33,
04-022,MOBIL 28,
05-002,MASTINOX 6856K,
SHERLOCK GAS AND AIR LEAK DETECTOR TYPE1,MIL-PRF-25567E,
05-010,ARDROX 1900B,
05-047,MASTINOX D40,
05-533,MASTINOX D40,
09-005A,P/S892C12,
09-005H,PR1782C2,
09-013,PROSEAL 870A2 6OZ,
09-013B,PROSEAL 870A2 6OZ,
09-016,PROSEAL870B2(6OZ),
09-016B,PROSEAL 870B26OZ,
09-020,MASTINOX 6856K,
11-001K,ARDROX 1900B,
11-002,ARDROX 5503,
11-002,ARDROX 5502,
11-003,MEK,
11-017,ARDROX 1900B,
11-020,ALGLAS VISIAL,
11-026,LOTOXANE,
11-028,HONEY BEE 60,
112030,ACETIC ACID GLACIAL,
13-002,ALODINE1200S,
14-001A,ARDROX 1823,
15-005,LPS-3,
15-005A,LPS-3,
15-006,AV8,
15-007,AV30 13.5OZ,
15-008,AV30 13.5OZ,
16-001,4355/3600,
16-002,AERODUR FINISH C21/100,
16-008,C21/100UVR BAC1023,
16-020,7641/3600,
19-003,AC9165-9IN,
19-010,MS20995C32,
19-011,7447B,
19-018,MS20995C32,
2023,ANTICO CD2023 ,
"216U 6"" 120#",5424105012,
"216U 6"" 150",216U 6IN 150,
"216U 6"" 320",5424105032,
222,LOCTITE 222,
"231 1""",231 1IN,
2-453-006304000,P15-500S,
27CFR21.35,ALCOHOL,
3110 RTV,RTV3145,
3M 4950-4,1011483-407,
3M 8673,3M8673,
3M LABEL MATERIAL 7924,3M 7924 SILVER,
3M SCOTCH #63 OR EQVLT.,3M 63 1/2IN,
3M SCOTCHGRIP 1099,SCOTCH WELD 1099,
3M SCOTCH-WELD 1099,SCOTCH WELD 1099,
3M-232,3M 232 2IN,
3M-425,3M 425 2IN,
"3M468MP-1""",3M 468MP 1IN,
3M-471,3M 471 3IN,
4125/6407BLUE,4125/6407BLUE,
460-250,ABS1040-40,
463-12-8,463-12-8/CA116,
"471 3""",471 3,
"471,1.5INCHS(38.1MM)",3M 471 1IN,
542,LOCTITE 542,
632101-3,P15-350S,
632101-5,P15-350S,
73X INK,MARKS-A-LOT BACK,
8412 POLYESTER TAPE,8412,
870B2,PROSEAL 870B26OZ,
970A0000-02,970A0000-03,
A00247,PROSEAL 870,
A00363,RTV162,
A367,362-509-9002,
A50001,BRAYCOTE248,
A50TF201,GP460,
A5735011820000,A5735007620200,
A-A-58054,CW400-2C,
A-A-59147,CITRIC ACID MONOHYDRAT,
A-A-59503,NITROGEN,
A-A-59503 TY1 GRB,NITROGEN,
"A-A-59503,TYPE I, GRADE B","氮气,需时买",
"A-A-59503,TYPE I,GRADE B","氮气,需时买",
A-A-883,231 1IN,
A-A-883,3M 231 1IN,
ACRYLOID HF825,ROYCO HF-825,
AERODUR 37045,10P20-44M,
AERODUR S-15/90,4355/3600,
AEROSHELL 11-MS,ROYCO 11MS,
AEROSHELL 33,MOBIL GREASE33,
AEROSHELL GREASE NO.6,V-V-P-236A,
AEROSHELL GREASE14,AEROSHELL 14,
AI TNA 007-10006,MOLYKOTE G-RAPID PLUSPAST,
AIMS 09-08-003,AV15,
AMS 1476,ARDROX 1823,
AMS 1476B,ARDROX 1823,
AMS 1533,ALGLAS VISIAL,
AMS 1550,ALGLAS VISIAL,
AMS 1550,ARDROX 1900B,
AMS 1550B,SPGVAK200L,
AMS 3052,MOBIL GREASE33,
AMS 3267,PR1773B2,
AMS 3267/3,PR1773B2,
AMS 3819,AC9165-9IN,
AMS 3819,"AC9165-9""",
AMS 3819,AC9165-9,
AMS 5687,MS9226-04,
AMS2518,ROYCO 44,
AMS-T-23397,3M 425 2IN,
AMS-T-23397,3M 425 3IN,
ARDRO 1900B,ARDROX 1900B,
ARDROX AV30,AV30,
ARDROX3302,ARDROX 3140 500G/EA,
ASNA2879A040,5440D40BLANC,
ASTM D6123,3M 250 1IN,
ASTM D740,MEK,
AV-25,AV25,
B00032,DRJ-1,
B00037,CITRA-SAFE,
B00065,ALCOHOL,
B00068,ALCOHOL,
B00083,SHELLSOL W HT,
B00093,PERCHLOROETHYLENE,
B00093,TETRACHLORETHYLEN,
B00126,VINEGAR,
B00130,ALCOHOL或1610-A,
B00137,GRIT SIZE400,
B00138,5424105018,
B00142,SAN40-2,
B00143,ARDROX 5528,
B00157,LPS 03116,
B00158,DETERGENT,
B00184,TURCO 4460,
B00402,MIL-PRF-87937 TY1,
B00448,TRICHLOROETHYLENE,
B00460,DRJ-1,
B00541,ED-317,
B00637,CITRIC ACID MONOHYDRAT,
B00638,HONEY BEE 60,
B00639,HONEY BEE 76,
B00700,METALL,
B00787,ARDROX 5502,
B01057,DRJ-1,
B10046B,7825222,
B50073,ALCOHOL,
B50117,DRJ-1,
B50117,TURCO 5948DPM THICK,
BAC 5000,CITRA-SAFE,
BAC27NCH0012,BAC27NCH0012/GM,
BAC27TCA0008,GFPN-PLACARD0001,
BAC5010 TYPE 60,RTV102,
BAC5010T77,PSA529,
"BAC5034-4, TYPE VII, CLASS 2",P29,
BAC5749,VINEGAR,
BAC5750,ARDROX 5528,
BMS 10-11 TYPE I,515K011,
BMS 15-5,AC9165-9IN,
"BMS 15-5,Class A",AC9165-9IN,
BMS 5-92,EC2216B/A GRAY,
BMS 5-92,EC2216B/A,
"BMS 5-92, TYPE 1",EC2216B/A GRAY,
BMS 5-95,PROSEAL 870B26OZ,
BMS 5-95,PROSEAL870B1/2(6OZ),
BMS 5-95 CLASS B,PROSEAL 870B26OZ,
"BMS 5-95, CLASS B",PROSEAL 870B26OZ,
"BMS 5-95, CLASS B 1/2",PROSEAL 870B1/2 6OZ,
"BMS 5-95, TYPE 1,",PROSEAL 870B26OZ,
"BMS 5-95, TYPE I,CLASS B",PROSEAL 870B26OZ,
BMS 8-397 TYPEI,GT-1700-0.05-R40-T1.8,
BMS 8-45,EC1252,
BMS10-11 TY 1 CL A GD A,515K011,
BMS10-11 TY1,515K011,
BMS10-11 TYPE I,515K011,
"BMS10-11, TYPE I",515K011,
"BMS10-11, TYPE II",515K011,
"BMS10-11,TYPE 1",515K011,
BMS10-11，TYPE I,515K011,
"BMS10-11,TYPE I",515K011,
"BMS10-11,TYPE II",515K011,
BMS10-11TY1,515K011,
BMS10-11TY1CLAGREEN,515K011,
BMS10-11TYPE1,515K011,
BMS10-20 TYPE II,454-4-1/CA109,
BMS10-60,CA8000 B707,
BMS10-60 TY2,CA8000 B707,
BMS10-60 TYPE 1 BAC707,ECL-G-101/PC233/TR111,
BMS10-60 TYPE II,CA8000 B707,
"BMS10-60, TYPE II, BAC707 GRAY GLOSS",CA8000 B707,
"BMS10-60,TYPE II",CA8000 B707,
BMS10-60TYII,CA8000 B707,
BMS10-79,515X349,
BMS10-79 TYPE II,513X377,
BMS10-79 TYPE3,515X349,
BMS10-79 TYPE3 CLASS A GRADE A,515X349,
BMS10-79TY2,513X377,
BMS11-7,TURCO 4460,
BMS13-52 TYPE V,BMS13-52 TY4 0.25IN,
BMS15-5,AC9165-9IN,
BMS3-11,EXXON HYJET V,
BMS3-11 TYPE IV,EXXON HYJET V,
"BMS3-11, TYPE",EXXON HYJET V,
"BMS3-11, Type IV",EXXON HYJET V,
"BMS3-11,TYPE IV",EXXON HYJET V,
BMS3-23,LPS-3,
BMS3-23 TYPE II,LPS-3,
BMS3-24,MOBIL GREASE33,
BMS3-26,AV25,
BMS3-27,MASTINOX 6856K,
BMS3-27(MASTINOX 6856K),MASTINOX 6856K,
BMS3-28,LF-AS328,
BMS3-29,AV30,
BMS3-32,ROYCO LGF或SHELL LGF,
BMS3-32 TYI,ROYCO LGF或SHELL LGF,
BMS3-32 Type II,ROYCO LGF或SHELL LGF,
"BMS3-32, Type II",ROYCO LGF或SHELL LGF,
BMS3-32TY2,ROYCO LGF或SHELL LGF,
"BMS3-32TYI,OR TYII",ROYCO LGF或SHELL LGF,
BMS3-33,MOBIL GREASE33,
BMS3-35,AV15,
BMS3-38,COR-BAN27L,
BMS3-8,EVERLUBE620/EVERLUBE9001,
BMS5-125 TYPE III,PL422FR,
BMS5-142,PR1772B2,
BMS5-146,398FR 3IN,
BMS5-28 TY3,EPOCAST 1511A/B,
"BMS5-28,TYPE 18,CLASS 1",EPOCAST 1618D/B,
BMS5-32,PROSEAL 870B26OZ,
BMS5-32 TY2,PROSEAL 870B26OZ,
BMS5-35,ECCOBOND 60L,
BMS5-45,PROSEAL 890A1/2 6OZ,
BMS5-45,PROSEAL 890A2 6OZ,
"BMS5-45, CLASS B",PR1776B2 6OZ,
"BMS5-45,CLASS B",PR1776B2 6OZ,
"BMS5-45,CLASS B-2",PR1776B2 6OZ,
BMS5-63,DAPCO18-4F,
BMS5-63 TYPE II,DAPCO2100,
BMS5-63CLB4,DAPCO18-4F,
BMS8-346,D9100,
BMS8-346,D9100-92,
BMS8-45,EC1252,
C Z-11.904,MASTINOX D40,
C00064,ALODINE1200S,
"C00064,BAC5719,TYPE II,CLASS A",ALODINE1200S,
CH31900,CH31900-6,
CITRA SAFE,CITRA-SAFE,
CITRASAFE,CITRA-SAFE,
cloth,AC9165-9IN,
COMAT 01-438,TURCO 6646,
COMAT 01-455,CEE BEE ALKO ,
COMAT 01-455,CEE BEE ALKO,
COMAT 05-126,7447B,
COMAT 05-128,216U 5IN 240,
COMAT 07-028,ALODINE1200S,
COMAT 07-106,ALODINE1200S,
COMAT 07-116,TR-19 GL,
COMAT 08-021,EA934B/A,
COMAT 08-030,DC90-006-2,
COMAT 08-032,DC1200CLEAR,
COMAT 08-032,DC1200CLEAR,
COMAT 08-033,DC93-006-1,
COMAT 10-129,MOLYKOTE P37,
CONTEC EX420602,DIESTONE DLS,
CONTEC EX420602,DIESTONE DLS,
cotton wiper,AC9165-9IN,
CP1008,TRICHLOROETHYLENE,
CP1039,DIESTONE DLS,
CP1041,ISOPROPYL ALCOHOL,
CP1041,ISOPROPYL ALCOHOL,
CP1064,MILK OF MAGNESIA,
CP2011,ARDROX 5503,
CP2101,GP460,
CP2102,V-V-P-236A,
CP2104,MOLYKOTE G-RAPID PLUSPAST,
CP2162,LIQUID WRENCH L1-16,
CP2267,RTV106,
CP2442,MOBIL JET2,
CP2463,RTV560,
CP2517,3M 425 2IN,
CP2559,MEK,
CP2560,MEK,
CP2566,MEK,
CP2584,MEK,
CP2619,NSN165,
CP2656,MEK,
CP2854,V-V-P-236A,
CP3010,ARDROX 9D4A,
CP5060,ARDROX6367,
CP5063,ROYCO 81MS,
CP5066,ROYCO 481,
CP5067,ROYCO 885,
CP5070,V-V-P-236A,
CP5075,BRAYCO599,
CP8004,MS9226-03,
CP8004,MS20995C25,
CPN 0300094,ISOPROPYL ALCOHOL,
CRUSHED ICE,碎冰,
D00006,NSBT-8N,
D00010,C5A,
D00013,AEROSHELL 7,
D00013,AEROSHELL 7 CN,
D00014,ROYCO 64,
D00015,AEROSHELL GREASE 33,
D00054,MCS352B,
D00068,MOBIL JET2,
D00091,ROYCO 363,
D00137,AEROSHELL 308,
D00153,EXXON HYJET V,
D00189,DC111,
D00250,VV-P-236,
D00341,SANTOVAC 5,
D00467,ROYCO SSF,
D00504,VV-P-236,
D00504,V-V-P-236A,
D00528,ROYCO 11MS,
D00552,MOBIL JET2,
D00633,MOBIL GREASE33,
D00669,MOLITH 2,
D00669,MO-LITH NO.2,
D50022,MOBIL GREASE33,
D50032,MILK OF MAGNESIA,
D50056,SANTOVAC 5,
D50255,MIL-PRF-32014,
DC730,RTV730,
DC93-006,DC93-006-1,
DOD-G-24650,GERALYN AX/C1,
G00009,LPS-3,
G00018/G00960,NITROGEN,
G00022,PUROGENE,
G00034,AC9165-9IN,
G00116,AC9165-9IN,
G00291,3M 425 1IN,
G00291,3M 425 2IN,
G00365,PLASTIC CLOTH,
G00384,V-V-P-236A,
G00834,AC9165-9IN,
G01077,砂纸,
G01989,DRJ-1,
G02061,MARKS-A-LOT BACK,
G02219,3M 471 3IN,
G02304,D9100-92,
G02479,MS20995C20,
G02481,MARKS-A-LOT BACK,
G02485,P55 2IN,
G50021,砂纸,
G50256,WATER,
G50306,MIL-PRF-25567E,
G50316,AC9165-9IN,
G50327,OT-157T 2IN,
G50408,BMS8-371 1/8 X 39 X 79IN,
GB DEF-STAN 68-148/1,LOTOXANE,
GB DEF-STAN 68-148/1,DIESTONE DLS,
GD2618A,N166471-5,
GE A50TF201 CLASS A,GP460,
GENERAL-PURPOSE DETERGENT,ALCOHOL,
HYJET-IV-A-PLUS,LD-4,
HYLOMAR PL32M,PL32M,
LPS ELECTRO 140,LPS 03116,
LUBRIZOL 1395,1395,
Material No. 03-002,MOBIL JET2,
Material No. 03-003,AEROSHELL 308,
MATERIAL NO. 04-004,MOBIL GREASE33,
Material No. 04-022,MOBIL 28,
Material No. 05-002,MASTINOX 6856K,
Material No. 05-017,PL32L ,
Material No. 05-019,AV30 13.5OZ,
Material No. 05-027,LPS-3,
MATERIAL NO. 09-001B,PR1422A2,
Material No. 09-002,PR1422B2,
MATERIAL NO.　09-016,PROSEAL 870B26OZ,
Material No. 11-003,MEK,
Material No. 11-010,ISOPROPYL ALCOHOL,
MATERIAL NO. 11-010,ISOPROPYL ALCOHOL,
Material No. 11-016,CITRA-SAFE,
MCS 352B,EXXON HYJET V,
MIL-A-46106,RTV108,
MIL-A-46106 TYPE I,RTV108,
MIL-A-907,C5A,
MIL-A-907,NSN165,
MIL-C-11796,BRAYCOTE248,
MIL-G-21164,ROYCO 64,
MIL-G-25013,ROYCO 13CF,
MIL-G-25537,AEROSHELL 14,
MIL-G-81322,MOBIL 28,
MIL-H-5606,ROYCO 756,
MIL-H-5606,AEROSHELL 41,
MIL-L-23699,MOBIL JET2#,
MIL-L-23699,MOBIL JET2,
MIL-L-25567,MIL-PRF-25567E,
MIL-L-25567 (TYPE 1),MIL-PRF-25567E,
MIL-L-25567 TYPE I,MIL-PRF-25567E,
MIL-L-25681,ROYCO 81MS,
MIL-L-6081,ROYCO 481,
MIL-L-6085,ROYCO 885,
MIL-L-7808,AEROSHELL 308,
MIL-L-7870,ROYCO363,
MIL-L-7870,ROYCO 363,
MIL-L-87177,SUPER CORR-A,
MIL-M-7866,MOLYKOTE R Z POWDER,
MIL-M-7866,MOLYKOTE Z POWDER,
MIL-P-17667,06536,
MIL-P-23377,PR143,
MIL-P-8116,MASTINOX 6856K,
MIL-PFR-81322,MOBIL 28,
MIL-PRF-16173,ARDROX 3140 500G/EA,
MIL-PRF-16173,AV30,
MIL-PRF-23699,MOBIL JET2,
MIL-PRF-23827,AEROSHELL 7,
MIL-PRF-23827,AEROSHELL 7 CN,
MIL-PRF-23827,MOBIL GREASE33,
MIL-PRF-23827 TYPE I,MOBIL GREASE33,
MIL-PRF25567,LEAK-TEC277C,
MIL-PRF-25567,LEAK-TEC277C,
MIL-PRF-25567 TYPE I,MIL-PRF-25567E,
MIL-PRF-5606,ROYCO 756,
MIL-PRF-6081 GRADE 1010,ROYCO 481,
MIL-PRF-6081GRADE1010,ROYCO 481,
MIL-PRF-6085,ROYCO 885,
MIL-PRF-680,ARDROX 5503,
MIL-PRF-680,ARDROX5502,
MIL-PRF-680,ARDROX 5502,
MIL-PRF-680 TYPE I,ARDROX 5502,
MIL-PRF-7808,AEROSHELL#308,
MIL-PRF-7808,ALEROSHELL 308,
MIL-PRF-7808,AEROSHELL 308,
MIL-PRF-7870,ROYCO 363,
MIL-PRF-8116,MASTINOX 6856K,
MIL-PRF-81322,MOBIL 28,
MIL-PRF-83483,MIL-PRF-83483C,
MIL-PRF-907,EASE-OFF990,
MIL-PRF-907,NSN165,
MIL-PRF-907F,NSN165,
MIL-T-5544,NYCO GREASE GN GA 47,
MIL-T-81533,TRICHLOROETHYLENE,
MIL-T-81533A,ARDROX 5528,
MIL-T-81533A,TRICHLOROETHYLENE,
MO-LITH NO.2,MOLITH 2,
NO.02-003,EXXON HYJET V,
NO.02-004,ROYCO SSF,
NO.02-006,CASTROL AERO 40,
NO.02-006,ROYCO LGF,
NO.03-001,ROYCO 363,
NO.03-001,ROYCO363,
NO.03-002,MOBIL JET2,
NO.04-002,ROYCO 64,
NO.04-003,NYCO GREASE GN GA 47,
NO.04-004,MOBIL GREASE33,
NO.04-004A,MOBIL 28,
NO.04-004B,AEROSHELL 7,
NO.04-007,MOLYKOTE D321R,
NO.04-008,ROYCO 825,
NO.04-008,ROYCO HF-825,
NO.04-011,MOLYKOTE 55M,
NO.04-012,BRAYCOTE 236,
NO.04-012,V-V-P-236A,
NO.04-012,VV-P-236,
NO.04-014,C5A,
NO.04-014A,NSN165,
NO.04-015,MCS352B,
NO.04-017,DC33,
NO.04-021,MASTINOX 6856K,
NO.04-022,MOBIL 28,
NO.04-023,KRYTOX240AC 2OZ/1EA,
NO.04-024,AEROSHELL 7,
NO.04-024,AEROSHELL#7,
NO.04-025,ROCOL AEROSPEC 100,
NO.04-035,MOBIL AVIA GREASE SHC 100,
NO.04-578,MOLYKOTE DX,
NO.05-002,MASTINOX 6856K,
NO.05-004,MIL-PRF-25567E,
NO.05-004B,MIL-PRF-25567E,
NO.05-005,TECTYL 502-C,
NO.05-007,MIL-C-9084 TY8BCL2 ST7781,
NO.05-010,ARDROX 1900B,
NO.05-013,QZ-5111,
NO.05-047,MASTINOX D40,
NO.05-115,MASTINOX 6856K,
NO.05-128,CR40 FT,
NO.05-533,MASTINOX D40,
NO.06-001A,LUBRI-BOND 220 ,
NO.06-002,LUBRI-BOND 220,
NO.06-014,MOLYKOTE G-RAPID PLUSPAST,
NO.07-001,NYCOTE 7-11,
NO.07-001,4125/6407BLUE,
NO.07-001B,NYCOTE 7-11,
NO.08-001C,LY560/HY560,
NO.08-004,RTV108,
NO.08-004A,RTV732,
NO.08-007B,LOCTITE 242,
NO.08-010,EA9321A/B,
NO.08-010,EA9321A/B KT,
NO.08-018,EC-1300L,
NO.08-025,EC3532 B/A,
NO.08-052,3M 425 3IN,
NO.08-057,FLOORSIL 1217,
NO.08-065,P421 2IN,
NO.08-065,SCOTCH MOUNT 4016 2IN,
NO.08-066,3M 950 2IN,
NO.08-074,3M 232 2IN,
NO.08-074,3M 232 1IN,
NO.08-074,3M 231 2IN,
NO.08-074,3M 231 1IN,
NO.08-077,AF-306-P,
NO.08-084,3M 471 3IN,
NO.08-085,DAN269-25,
NO.09-001,PROSEAL 890A1/2 6OZ,
NO.09-001,PROSEAL890A1/2 6OZ,
NO.09-002,PR1422B2,
NO.09-005A,P/S892C12,
NO.09-005H,PR1782C2,
NO.09-007,EC-776,
NO.09-010,MS20995C32,
NO.09-013,PROSEAL 870A2 6OZ,
NO.09-013B,PROSEAL 870A2 6OZ,
NO.09-013C,PR1422B2,
NO.09-016,PROSEAL870B2(6OZ),
NO.09-016,PR1422B2,
NO.09-016,PROSEAL 870B26OZ,
NO.09-016B,PROSEAL 870B26OZ,
NO.09-018,PR1773B2,
NO.09-019,PR1773B2,
NO.09-020,MASTINOX 6856K,
NO.09-023,DAPCO2200,
NO.09-036,FLOORSIL87,
NO.09-054,FLOORSIL 2,
NO.09-056,MC650B1,
NO.09-510,PR1770C12,
NO.09-510A,PR1770C12,
NO.11-001,ALGLAS VISIAL  ,
NO.11-001,ALGLAS VISIAL,
NO.11-001,ARDROX 1900B,
NO.11-001K,ARDROX 1900B,
NO.11-002,ARDROX 5503,
NO.11-002,ARDROX 5502,
NO.11-003,METHYLISOBUTYL KETONE,
NO.11-003,DIESTONE DLS,
NO.11-003,MEK,
NO.11-004,TRICHLOROETHYLENE,
NO.11-004,ARDROX 5528,
NO.11-004A,ARDROX 5528,
NO.11-005,ARDROX 5528,
NO.11-006,ALCOHOL,
NO.11-007,SAN50,
NO.11-010,ALCOHOL,
NO.11-011,ALGLAS VISIAL,
NO.11-011,ARDROX 1900B,
NO.11-013A,TC-100,
NO.11-017,ARDROX 1900B,
NO.11-017,ALGLAS VISIAL,
NO.11-019,ARDROX 1900B,
NO.11-020,ALGLAS VISIAL,
NO.11-021,ALCOHOL,
NO.11-026,LOTOXANE,
NO.11-028,HONEY BEE 60,
NO.13-002,ALODINE1200S,
NO.14-001A,ARDROX 1823,
NO.14-006B,ARDROX 1820,
NO.15-005,LPS-3,
NO.15-005A,LPS-3,
NO.15-006,AV8,
NO.15-008,AV30 13.5OZ,
NO.15-008,AV30,
NO.15-010,BRAYCOTE248,
NO.15-010,BRAYCOTE 248,
NO.16-001,4355/3600,
NO.16-002,AERODUR FINISH C21/100,
NO.16-008,C21/100UVR BAC1023,
NO.16-018,CA8000 B707,
NO.16-020,10P20-44MNF/EC-291B/TR114,
NO.16-020,7641/3600,
NO.16-047,ALEXIT404-12 788W,
NO.19-003,AC9165-9IN,
NO.19-009,MS20995C20,
NO.19-010,MS20995C32,
NO.19-011,7447B,
NO.19-014,NITROGEN,
NO.19-018,MS20995C25,
NO.19-026,MS20995CY15,
NO.19-027,NSA3811-0,
NO.9-003,AC9165-9IN,
NO.CP2010,ARDROX 5502,
NO.CP2011,ARDROX 5502,
NO.CP2101,GP460,
NO.CP2442,MOBIL JET2,
NO.CP5062,MOLYKOTE D321R,
NO.V01-002,TRICHLOROETHYLENE,
NO.V01-012,ALCOHOL,
NO.V02-126,MS9226-03,
NO.V02-147,MS20995C32,
NO.V04-004,PL32L,
NO.V08-030,DC90-006-2,
NO.V08-030,ARDROX 9D1B,
NO.V08-032,DC1200CLEAR,
NO.V10-031,C-200,
NO.V10-077,MOBIL JET2,
NO.V10-094,NSN165,
O T 620 TYPE I,TRICHLOROETHANE,
OF25-021,0F25-021,
O-M-232,METHYL ALCOHOL,
O-M-232,METHYL ALCOHOL,
OMAT 1/257,ARDROX 5502,
OMAT 1/40,ALCOHOL,
OMAT 101,航空煤油,
OMAT 1011,MOBIL JET2,
OMAT 1070D,ARDROX 6345,
OMAT 1208,SILICA GEL,
OMAT 1228,P421 2IN,
OMAT 2/101,AC9165-9IN,
OMAT 2/111,N10-FR,
OMAT 2/30,3M 5490,
OMAT 4/46,PL32L,
OMAT 4/47,PL32L,
OMAT 4/52,MOLYKOTE D321R,
OMAT 4/62,ROCOL ANTI-SEIZE STAINLES,
OMAT 4/70,PL 470,
OMAT 4-62,ROCOL ANTI-SEIZE STAINLES,
OMAT 5/31,GRIT SIZE400,
OMAT 606,ARDROX9D4A,
OMAT 8/160,EA9390A/B,
OMAT 8/52,EA934B/A,
ORCO-TAPE OT-40,POLYKEN 108 2IN,
P05-262,MS20995C32,
P05-289,MS9226-03,
P06-021,HI-T 650,
P06-023,SILVER GOOP,
P06-023,MS-TL-SGT,
P06-054,MOLYKOTE P37,
P212HD,P212HD 2IN,
P-306 OR P-306L,P306L 1IN,
PD-680,ARDROX 5502,
P-D-680,ARDROX 5502,
"P-D-680,TY I OR II",ARDROX 5502,
P-D-680TY1,ARDROX 5502,
P-D-680-TYPE 1(OR TYPE 2),ARDROX5502,
PETROLATUM VV-P-236,VV-P-236,
PRIMER 463-12-8,463-12-8/CA116,
PWA 36001,SILVER GOOP,
PWA 36053-1,NSN165,
SAE AMS2518,NYCO GREASE GN GA 47,
SAE AMS2518 (CP2101),GP460,
SAE AMS-S-8802 CLASS A,PROSEAL 890A2 6OZ,
SANI-TANK SP-800,SPGVAK200L,
SCOTCH BRITE,7447B,
SCOTCH-WELD DP110,DP110 EA,
SKYDROL 500B-4,EXXON HYJET V,
SKYDROL LD-4,EXXON HYJET V,
SKYDROL SAE AS1241,EXXON HYJET V,
SL5107 A3-410,SL5107A3-410,
TT-I-735,ISOPROPYL ALCOHOL,
TT-M-261,MEK,
USAMIL-T-5544,NYCO GREASE GN GA 47,
飞机清洗剂,DRJ-1,
护目镜,UVEX9405,
橡胶手套,G990000136,
异丙醇,ISOPROPYL ALCOHOL,
5号电池,BATTERY 5,
配制的碱性清洁剂,DRJ-1,
PR1436GB2,PROSEAL 870B26OZ,
TT-N-95,SHELLSOL W HT,
TT-N-95 TYPE I,SHELLSOL W HT,
TT-N-95 TYPEⅠ,SHELLSOL W HT,
"TT-N-95, TYPE I",SHELLSOL W HT,
TT-N-95 TY2,SHELLSOL W HT,
TT-N-95 TYPEⅠI,SHELLSOL W HT,
TT-N-95 TYPE II,SHELLSOL W HT,
"TT-N-95,TYPE II",SHELLSOL W HT,
"TT-N-95, TYPE II",SHELLSOL W HT,
00-026,LOTOXANE,
01-076,DIESTONE DLS,
01-457,DIESTONE DLS,
02-001,AEROSHELL 41,
02-004,ROYCO SSF,
02-006,CASTROL AERO 40,
02-178,3M 250 1IN,
09-016,PR1422B2,
09-017,PR1422B2,
09-036,FLOORSIL87,
09-054,FLOORSIL 2,
09-056,MC650B1,
09-058D,PR1826 B1/2,
11-003,MEK,
11-004,TRICHLOROETHYLENE,
11-006,ALCOHOL,
11-007,SAN50,
11-010,ALCOHOL,
11-013A,TC-100,
BMS5-92,EC2216B/A GRAY,
"BMS5-92,TYPE V,CLASS 2",EC2615B/A,
BMS5-95,PROSEAL 870B26OZ,
BMS5-95,PROSEAL870B1/2(6OZ),
BMS5-95 B2,PROSEAL 870B26OZ,
BMS5-95 CLASS B,PROSEAL 870B26OZ,
BMS5-95 CLASS B1/2,PROSEAL 870B1/2 6OZ,
BMS5-95 CLASSB 1/2,PROSEAL 870B1/2 6OZ,
BMS5-95 TYPE I B-2,PROSEAL 870B26OZ,
BMS5-95 Type I Class B,PROSEAL 870B26OZ,
BMS5-95， CLASS B,PROSEAL 870B26OZ,
"BMS5-95, CLASS B",PROSEAL 870B26OZ,
"BMS5-95,CLASS B",PROSEAL 870B1/2 6OZ,
"BMS5-95,CLASS B",PROSEAL 870B26OZ,
"BMS5-95,TYPE 1 CLASS B-2",PROSEAL 870B1/2 6OZ,
"BMS5-95,TYPE 1,CLASS",PROSEAL 870B26OZ,
BMS5-95B-1/2 TYPE1,PROSEAL 870B1/2 6OZ,
BMS5-95B2,PROSEAL 870B26OZ,
BMS5-95B2(PT),PROSEAL 870B26OZ,
BMS5-95TY1CLB1/2,PROSEAL 870B1/2 6OZ,
BMS5-95TY1CLB-2,PROSEAL 870B1/2 6OZ,
NO.19-028,P15-350S,
V01-001,TRICHLOROETHYLENE,
MIL-PRF-16173,AV8,
MIL-PRF-16173,AV15,
MIL-PRF-16173,AV25,
MIL-PRF-16173,AV30 13.5OZ,
MIL-PRF-16173,ARDROX AV100D,
MIL-PRF-81309F TY2&3 CL1&2,D-5026NS ,
MIL-PRF-81309F TY2&3 CL1&2,D5026NS ,
P29,NO.232S,
MIL-PRF-32014,BRAYCOTE3214-6.5LB,
G02356,3M 471 3IN,
C00954,SS4004,
C00954,SS4004P,
AEROSHELL 15A GREASE,AEROSHELL GREASE 33,
MIL-G-25013,AEROSHELL GREASE 33,
AEROSHELL GREASE 15,AEROSHELL GREASE 33,
MIL-G-25013E,AEROSHELL GREASE 33,
GA 100-2,AC9165-9IN,
P05-038,AC9165-9IN,
MIL-PRF-83483,ROYCO 1MS,
MIL-PRF-83483C,ROYCO 1MS,
ASTMD740/PT,MEK,
AIR4222,AEROSHELL 22,
NO.V01-297,ARDROX5502,
MIL-G-25013,AEROSHELL GREASE 33,
MIL-G-25013,MOBIL GREASE33,
SAE AMS1476,HONEY BEE 60,
AMS 1640,HONEY BEE 60,
NO.14-001A,HONEY BEE 60,
14-001A,HONEY BEE 60,
07-020B,SECURING VARNISH,
07-020B,SECURING LACQUER,
NO.14-006B,ARDROX1820,
NO.14-006D,ARDROX1820,
NO.14-006,ARDROX1820,
14-006,ARDROX1820,
SAE AMS1452,ARDROX1820,
SAE AMS1452,ARDROX1820,
V01-210,A3177,
BMS5-37,PR1428A1/2,
SANTOVAC 5,VVP236,
MIL-S-46163 TYPE II（底漆）,INSTABOND PRIMER F,
MIL-S-46163A,LOCTITE242,